[
  {
    "product_id": 1,
    "product_name": "Laptop Pro",
    "category": "Electronics",
    "price": 1299.99,
    "quantity_sold": 45,
    "rating": 4.8,
    "date": "2023-01-15",
    "stock_level": 120.0,
    "supplier_id": "S001"
  },
  {
    "product_id": 2,
    "product_name": "USB Cable",
    "category": "Electronics",
    "price": 9.99,
    "quantity_sold": 500,
    "rating": 4.2,
    "date": "2023-01-16",
    "stock_level": 2000.0,
    "supplier_id": "S002"
  },
  {
    "product_id": 3,
    "product_name": "Desk Chair",
    "category": "Furniture",
    "price": 249.99,
    "quantity_sold": 28,
    "rating": 4.5,
    "date": "2023-01-17",
    "stock_level": 80.0,
    "supplier_id": "S003"
  },
  {
    "product_id": 4,
    "product_name": "Monitor 27\"",
    "category": "Electronics",
    "price": 399.99,
    "quantity_sold": 35,
    "rating": 4.6,
    "date": "2023-01-18",
    "stock_level": 150.0,
    "supplier_id": "S001"
  },
  {
    "product_id": 5,
    "product_name": "Keyboard",
    "category": "Electronics",
    "price": 79.99,
    "quantity_sold": 120,
    "rating": 4.3,
    "date": "2023-01-19",
    "stock_level": 400.0,
    "supplier_id": "S002"
  },
  {
    "product_id": 6,
    "product_name": "Mouse",
    "category": "Electronics",
    "price": 156.94833333333335,
    "quantity_sold": 145,
    "rating": 4.4,
    "date": "2023-01-20",
    "stock_level": 600.0,
    "supplier_id": "S002"
  },
  {
    "product_id": 7,
    "product_name": "Desk Lamp",
    "category": "Furniture",
    "price": 45.99,
    "quantity_sold": 68,
    "rating": 4.1,
    "date": "2023-01-21",
    "stock_level": 200.0,
    "supplier_id": "S004"
  },
  {
    "product_id": 8,
    "product_name": "Standing Desk",
    "category": "Furniture",
    "price": 599.99,
    "quantity_sold": 15,
    "rating": 4.7,
    "date": "2023-01-22",
    "stock_level": 50.0,
    "supplier_id": "S003"
  },
  {
    "product_id": 9,
    "product_name": "Monitor Stand",
    "category": "Furniture",
    "price": 34.99,
    "quantity_sold": 95,
    "rating": 3.9,
    "date": "2023-01-23",
    "stock_level": 300.0,
    "supplier_id": "S004"
  },
  {
    "product_id": 10,
    "product_name": "HDMI Cable",
    "category": "Electronics",
    "price": 12.99,
    "quantity_sold": 300,
    "rating": 4.5,
    "date": "2023-01-24",
    "stock_level": 476.0869565217391,
    "supplier_id": "S002"
  },
  {
    "product_id": 11,
    "product_name": "Power Bank",
    "category": "Electronics",
    "price": 49.99,
    "quantity_sold": 200,
    "rating": 4.2,
    "date": "2023-01-25",
    "stock_level": 500.0,
    "supplier_id": "S005"
  },
  {
    "product_id": 12,
    "product_name": "External SSD",
    "category": "Electronics",
    "price": 119.99,
    "quantity_sold": 90,
    "rating": 4.6,
    "date": "2023-01-26",
    "stock_level": 250.0,
    "supplier_id": "S001"
  },
  {
    "product_id": 13,
    "product_name": "Office Chair",
    "category": "Furniture",
    "price": 199.99,
    "quantity_sold": 40,
    "rating": 4.4,
    "date": "2023-01-27",
    "stock_level": 120.0,
    "supplier_id": "S003"
  },
  {
    "product_id": 14,
    "product_name": "Bookshelf",
    "category": "Furniture",
    "price": 149.99,
    "quantity_sold": 25,
    "rating": 4.0,
    "date": "2023-01-28",
    "stock_level": 100.0,
    "supplier_id": "S004"
  },
  {
    "product_id": 15,
    "product_name": "Desk Organizer",
    "category": "Furniture",
    "price": 29.99,
    "quantity_sold": 150,
    "rating": 3.8,
    "date": "2023-01-29",
    "stock_level": 600.0,
    "supplier_id": "S004"
  },
  {
    "product_id": 16,
    "product_name": "Screen Protector",
    "category": "Electronics",
    "price": 14.99,
    "quantity_sold": 400,
    "rating": 4.1,
    "date": "2023-01-30",
    "stock_level": 1200.0,
    "supplier_id": "S002"
  },
  {
    "product_id": 17,
    "product_name": "Phone Stand",
    "category": "Electronics",
    "price": 19.99,
    "quantity_sold": 250,
    "rating": 4.3,
    "date": "2023-02-01",
    "stock_level": 800.0,
    "supplier_id": "S005"
  },
  {
    "product_id": 18,
    "product_name": "Cable Organizer",
    "category": "Furniture",
    "price": 12.99,
    "quantity_sold": 300,
    "rating": 3.7,
    "date": "2023-02-02",
    "stock_level": 900.0,
    "supplier_id": "S004"
  },
  {
    "product_id": 19,
    "product_name": "Monitor Arm",
    "category": "Furniture",
    "price": 89.99,
    "quantity_sold": 55,
    "rating": 4.5,
    "date": "2023-02-03",
    "stock_level": 200.0,
    "supplier_id": "S003"
  },
  {
    "product_id": 20,
    "product_name": "USB Hub",
    "category": "Electronics",
    "price": 34.99,
    "quantity_sold": 180,
    "rating": 4.2,
    "date": "2023-02-04",
    "stock_level": 476.0869565217391,
    "supplier_id": "S002"
  },
  {
    "product_id": 21,
    "product_name": "Desk Pad",
    "category": "Furniture",
    "price": 24.99,
    "quantity_sold": 200,
    "rating": 3.9,
    "date": "2023-02-05",
    "stock_level": 700.0,
    "supplier_id": "S004"
  },
  {
    "product_id": 22,
    "product_name": "Portable Charger",
    "category": "Electronics",
    "price": 59.99,
    "quantity_sold": 160,
    "rating": 4.4,
    "date": "2023-02-06",
    "stock_level": 400.0,
    "supplier_id": "S005"
  },
  {
    "product_id": 23,
    "product_name": "Document Holder",
    "category": "Furniture",
    "price": 14.99,
    "quantity_sold": 220,
    "rating": 3.6,
    "date": "2023-02-07",
    "stock_level": 800.0,
    "supplier_id": "S004"
  },
  {
    "product_id": 24,
    "product_name": "Webcam",
    "category": "Electronics",
    "price": 79.99,
    "quantity_sold": 75,
    "rating": 4.5,
    "date": "2023-02-08",
    "stock_level": 300.0,
    "supplier_id": "S001"
  },
  {
    "product_id": 25,
    "product_name": "Microphone",
    "category": "Electronics",
    "price": 129.99,
    "quantity_sold": 50,
    "rating": 4.6,
    "date": "2023-02-09",
    "stock_level": 180.0,
    "supplier_id": "S005"
  }
]